img1.png,1
img109.png,2
img111.png,2
img116.png,2
img127.png,2
img132.png,2
img137.png,2
img138.png,2
img139.png,2
img14.png,1
img141.png,2
img145.png,2
img148.png,2
img151.png,2
img152.png,2
img166.png,2
img169.png,2
img176.png,2
img177.png,2
img190.png,2
img192.png,2
img2.png,1
img20.png,1
img207.png,2
img209.png,2
img21.png,2
img220.png,3
img225.png,3
img226.png,3
img23.png,1
img233.png,1
img241.png,3
img247.png,3
img253.png,3
img264.png,3
img265.png,3
img268.png,3
img277.png,3
img278.png,3
img279.png,3
img282.png,3
img284.png,3
img289.png,3
img29.png,1
img295.png,3
img299.png,3
img302.png,3
img312.png,3
img313.png,3
img319.png,4
img321.png,1
img332.png,4
img334.png,4
img336.png,4
img342.png,4
img343.png,4
img345.png,1
img350.png,4
img359.png,4
img361.png,4
img363.png,4
img364.png,3
img37.png,1
img376.png,4
img379.png,4
img384.png,2
img412.png,4
img413.png,4
img414.png,4
img416.png,2
img417.png,4
img421.png,4
img52.png,1
img59.png,1
img60.png,1
img63.png,1
img71.png,1
img74.png,1
img82.png,1
img86.png,1
img87.png,1
img90.png,1
img92.png,1
img95.png,1
img97.png,1