ID,Image_Path,Class
img112.png,2\img112.png,2
img273.png,3\img273.png,3
img352.png,4\img352.png,4
img387.png,4\img387.png,4
img399.png,4\img399.png,4
img129.png,2\img129.png,2
img41.png,1\img41.png,1
img307.png,3\img307.png,3
img197.png,2\img197.png,2
img355.png,4\img355.png,4
img119.png,2\img119.png,2
img348.png,4\img348.png,4
img201.png,2\img201.png,2
img243.png,3\img243.png,3
img136.png,2\img136.png,2
img170.png,2\img170.png,2
img75.png,1\img75.png,1
img208.png,2\img208.png,2
img185.png,2\img185.png,2
img53.png,1\img53.png,1
img106.png,2\img106.png,2
img408.png,4\img408.png,4
img297.png,3\img297.png,3
img298.png,3\img298.png,3
img110.png,2\img110.png,2
img27.png,1\img27.png,1
img294.png,3\img294.png,3
img327.png,4\img327.png,4
img195.png,2\img195.png,2
img291.png,3\img291.png,3
img58.png,1\img58.png,1
img223.png,3\img223.png,3
img323.png,4\img323.png,4
img222.png,3\img222.png,3
img48.png,1\img48.png,1
img93.png,1\img93.png,1
img349.png,4\img349.png,4
img224.png,3\img224.png,3
img85.png,1\img85.png,1
img33.png,1\img33.png,1
img217.png,3\img217.png,3
img117.png,2\img117.png,2
img184.png,2\img184.png,2
img36.png,1\img36.png,1
img214.png,3\img214.png,3
img31.png,1\img31.png,1
img337.png,4\img337.png,4
img78.png,1\img78.png,1
img150.png,2\img150.png,2
img69.png,1\img69.png,1
img188.png,2\img188.png,2
img237.png,3\img237.png,3
img147.png,2\img147.png,2
img198.png,2\img198.png,2
img392.png,4\img392.png,4
img25.png,1\img25.png,1
img331.png,4\img331.png,4
img404.png,4\img404.png,4
img24.png,1\img24.png,1
img248.png,3\img248.png,3
img366.png,4\img366.png,4
img124.png,2\img124.png,2
img346.png,4\img346.png,4
img10.png,1\img10.png,1
img296.png,3\img296.png,3
img144.png,2\img144.png,2
img263.png,3\img263.png,3
img370.png,4\img370.png,4
img34.png,1\img34.png,1
img272.png,3\img272.png,3
img108.png,2\img108.png,2
img320.png,4\img320.png,4
img73.png,1\img73.png,1
img252.png,3\img252.png,3
img8.png,1\img8.png,1
img155.png,2\img155.png,2
img83.png,1\img83.png,1
img81.png,1\img81.png,1
img395.png,4\img395.png,4
img102.png,1\img102.png,1
img3.png,1\img3.png,1
img401.png,4\img401.png,4
img398.png,4\img398.png,4
img121.png,2\img121.png,2
img229.png,3\img229.png,3
img303.png,3\img303.png,3
img26.png,1\img26.png,1
img105.png,2\img105.png,2
img46.png,1\img46.png,1
img394.png,4\img394.png,4
img216.png,3\img216.png,3
img240.png,3\img240.png,3
img315.png,3\img315.png,3
img339.png,4\img339.png,4
img202.png,2\img202.png,2
img400.png,4\img400.png,4
img4.png,1\img4.png,1
img91.png,1\img91.png,1
img242.png,3\img242.png,3
img89.png,1\img89.png,1
img18.png,1\img18.png,1
img79.png,1\img79.png,1
img64.png,1\img64.png,1
img174.png,2\img174.png,2
img77.png,1\img77.png,1
img227.png,3\img227.png,3
img42.png,1\img42.png,1
img236.png,3\img236.png,3
img328.png,4\img328.png,4
img262.png,3\img262.png,3
img314.png,3\img314.png,3
img385.png,4\img385.png,4
img120.png,2\img120.png,2
img104.png,1\img104.png,1
img251.png,3\img251.png,3
img316.png,4\img316.png,4
img261.png,3\img261.png,3
img210.png,3\img210.png,3
img88.png,1\img88.png,1
img204.png,2\img204.png,2
img418.png,4\img418.png,4
img391.png,4\img391.png,4
img66.png,1\img66.png,1
img228.png,3\img228.png,3
img40.png,1\img40.png,1
img371.png,4\img371.png,4
img62.png,1\img62.png,1
img365.png,4\img365.png,4
img286.png,3\img286.png,3
img382.png,4\img382.png,4
img160.png,2\img160.png,2
img347.png,4\img347.png,4
img304.png,3\img304.png,3
img397.png,4\img397.png,4
img17.png,1\img17.png,1
img403.png,4\img403.png,4
img269.png,3\img269.png,3
img341.png,4\img341.png,4
img219.png,3\img219.png,3
img367.png,4\img367.png,4
img276.png,3\img276.png,3
img206.png,2\img206.png,2
img135.png,2\img135.png,2
img235.png,3\img235.png,3
img50.png,1\img50.png,1
img281.png,3\img281.png,3
img115.png,2\img115.png,2
img80.png,1\img80.png,1
img72.png,1\img72.png,1
img292.png,3\img292.png,3
img329.png,4\img329.png,4
img374.png,4\img374.png,4
img239.png,3\img239.png,3
img193.png,2\img193.png,2
img311.png,3\img311.png,3
img15.png,1\img15.png,1
img70.png,1\img70.png,1
img275.png,3\img275.png,3
img56.png,1\img56.png,1
img158.png,2\img158.png,2
img234.png,3\img234.png,3
img30.png,1\img30.png,1
img375.png,4\img375.png,4
img61.png,1\img61.png,1
img255.png,3\img255.png,3
img254.png,3\img254.png,3
img179.png,2\img179.png,2
img373.png,4\img373.png,4
img390.png,4\img390.png,4
img134.png,2\img134.png,2
img362.png,4\img362.png,4
img180.png,2\img180.png,2
img107.png,2\img107.png,2
img39.png,1\img39.png,1
img130.png,2\img130.png,2
img381.png,4\img381.png,4
img49.png,1\img49.png,1
img301.png,3\img301.png,3
img351.png,4\img351.png,4
img98.png,1\img98.png,1
img161.png,2\img161.png,2
img405.png,4\img405.png,4
img22.png,1\img22.png,1
img260.png,3\img260.png,3
img287.png,3\img287.png,3
img335.png,4\img335.png,4
img369.png,4\img369.png,4
img389.png,4\img389.png,4
img154.png,2\img154.png,2
img32.png,1\img32.png,1
img19.png,1\img19.png,1
img199.png,2\img199.png,2
img96.png,1\img96.png,1
img94.png,1\img94.png,1
img377.png,4\img377.png,4
img344.png,4\img344.png,4
img388.png,4\img388.png,4
img157.png,2\img157.png,2
img409.png,4\img409.png,4
img258.png,3\img258.png,3
img65.png,1\img65.png,1
img271.png,3\img271.png,3
img149.png,2\img149.png,2
img419.png,4\img419.png,4
img191.png,2\img191.png,2
img100.png,1\img100.png,1
img38.png,1\img38.png,1
img244.png,3\img244.png,3
img55.png,1\img55.png,1
img44.png,1\img44.png,1
img280.png,3\img280.png,3
img211.png,3\img211.png,3
img383.png,4\img383.png,4
img0.png,1\img0.png,1
img230.png,3\img230.png,3
img200.png,2\img200.png,2
img396.png,4\img396.png,4
img28.png,1\img28.png,1
img267.png,3\img267.png,3
img140.png,2\img140.png,2
img340.png,4\img340.png,4
img411.png,4\img411.png,4
img308.png,3\img308.png,3
img101.png,1\img101.png,1
img173.png,2\img173.png,2
img306.png,3\img306.png,3
img285.png,3\img285.png,3
img410.png,4\img410.png,4
img372.png,4\img372.png,4
img238.png,3\img238.png,3
img386.png,4\img386.png,4
img164.png,2\img164.png,2
img232.png,3\img232.png,3
img12.png,1\img12.png,1
img250.png,3\img250.png,3
img118.png,2\img118.png,2
img378.png,4\img378.png,4
img156.png,2\img156.png,2
img103.png,1\img103.png,1
img324.png,4\img324.png,4
img165.png,2\img165.png,2
img393.png,4\img393.png,4
img231.png,3\img231.png,3
img203.png,2\img203.png,2
img178.png,2\img178.png,2
img171.png,2\img171.png,2
img113.png,2\img113.png,2
img358.png,4\img358.png,4
img305.png,3\img305.png,3
img407.png,4\img407.png,4
img153.png,2\img153.png,2
img45.png,1\img45.png,1
img189.png,2\img189.png,2
img57.png,1\img57.png,1
img288.png,3\img288.png,3
img68.png,1\img68.png,1
img249.png,3\img249.png,3
img212.png,3\img212.png,3
img175.png,2\img175.png,2
img47.png,1\img47.png,1
img16.png,1\img16.png,1
img35.png,1\img35.png,1
img182.png,2\img182.png,2
img6.png,1\img6.png,1
img123.png,2\img123.png,2
img256.png,3\img256.png,3
img9.png,1\img9.png,1
img131.png,2\img131.png,2
img215.png,3\img215.png,3
img133.png,2\img133.png,2
img146.png,2\img146.png,2
img318.png,4\img318.png,4
img406.png,4\img406.png,4
img51.png,1\img51.png,1
img99.png,1\img99.png,1
img360.png,4\img360.png,4
img317.png,4\img317.png,4
img368.png,4\img368.png,4
img322.png,4\img322.png,4
img270.png,3\img270.png,3
img283.png,3\img283.png,3
img357.png,4\img357.png,4
img293.png,3\img293.png,3
img11.png,1\img11.png,1
img245.png,3\img245.png,3
img67.png,1\img67.png,1
img221.png,3\img221.png,3
img356.png,4\img356.png,4
img415.png,4\img415.png,4
img194.png,2\img194.png,2
img5.png,1\img5.png,1
img218.png,3\img218.png,3
img309.png,3\img309.png,3
img266.png,3\img266.png,3
img142.png,2\img142.png,2
img7.png,1\img7.png,1
img354.png,4\img354.png,4
img246.png,3\img246.png,3
img353.png,4\img353.png,4
img274.png,3\img274.png,3
img114.png,2\img114.png,2
img205.png,2\img205.png,2
img181.png,2\img181.png,2
img84.png,1\img84.png,1
img290.png,3\img290.png,3
img380.png,4\img380.png,4
img54.png,1\img54.png,1
img213.png,3\img213.png,3
img310.png,3\img310.png,3
img326.png,4\img326.png,4
img259.png,3\img259.png,3
img172.png,2\img172.png,2
img43.png,1\img43.png,1
img196.png,2\img196.png,2
img183.png,2\img183.png,2
img125.png,2\img125.png,2
img330.png,4\img330.png,4
img300.png,3\img300.png,3
img76.png,1\img76.png,1
img159.png,2\img159.png,2
img333.png,4\img333.png,4
img143.png,2\img143.png,2
img186.png,2\img186.png,2
img402.png,4\img402.png,4
img420.png,4\img420.png,4
img128.png,2\img128.png,2
img257.png,3\img257.png,3
img13.png,1\img13.png,1
img122.png,2\img122.png,2
img325.png,4\img325.png,4
img338.png,4\img338.png,4
img162.png,2\img162.png,2
img126.png,2\img126.png,2
img163.png,2\img163.png,2
img167.png,2\img167.png,2
img168.png,2\img168.png,2
img187.png,2\img187.png,2
